{"CPP-KKT": {"L": 200, "K": 70, "Cs": [0.08570139247903974, -0.006994763530835502, 0.09522031979543888, -0.008641767656415444, 0.09004340385373388, -0.00185164801967308, -0.11928540736527149, 0.03699996124609739, 0.024604327101709345, -0.0745047615381953, 0.03858562637688556, 0.01837490650812157, 0.13703371835193057, 0.1721503829670572, -0.0040020808324335855, 0.15040522521836297, 0.04797442383444128, -0.01990116542658893, 0.1343050213858965, -0.011244260337826995, -0.019221863969132835, -0.007167392951924811, 0.028801094902527247, 0.02366175025341488, -0.06933850196748326, -0.02949338022587944, 0.032154507031366686, 0.07209714550218305, 0.04521524047978187, -0.007749001000040834, 0.00484462142741493, 0.07317990609724911, 0.008775363929141466, 0.08656917088920713, 0.016093301679020566, -0.022101870068147567, 0.10783927270310767, -0.12488034083188548, 0.004718431244557619, 0.01660480058115299, -0.025075059743191686, 0.010237187353105526, -0.01284519733280387, -0.018362324343485392, 0.19621510987880053, -0.0013782001987265868, 0.07131845310987872, -0.01503678060572311, -0.009018272927871385, 0.10910423205368147, -0.036579197522512374, -0.0473005400438723, -0.026809514311272098, -0.047450111403040784, -0.039495555119259285, -0.07940113769042179, 0.10290532706485656, 0.05443907641349344, -0.012749728836234375, 0.04343720685580088, -0.10521005229564062, 0.06544123575762795, 0.1719205761312157, 0.0715208680348709, 0.1048056506684012, 0.22275233826535268, -0.07221342753064808, -0.007368229883099375, -0.0690979118997892, -0.09042955940372654, 0.012257023681747192, 0.008595481982222486, 0.03161035422528635, 0.10577628453951138, 0.039430099450822764, 0.003793599007029691, 0.008246536972446483, 0.0010962598378525534, 0.03213907607609956, -0.032370629811765195, 0.054667697950457006, 0.19324844576465394, 0.050104145263439426, -0.015035871447595328, 0.14321409375817273, 0.07041498599926665, -0.018616868971525147, -0.04033601958219535, -0.15163935596847344, -0.04976772767324489, 0.1500971031474867, 0.0645017417768543, 0.050731194653190315, -0.07975073581396219, -0.09349752242358833, -0.13967152947806605, 0.036348586119239634, 0.003415147528455842, 0.03327916002166509, -0.008701503343589212], "posterior_coverages": [0.891, 0.877, 0.933, 0.906, 0.922, 0.886, 0.894, 0.899, 0.875, 0.856, 0.927, 0.929, 0.888, 0.918, 0.875, 0.943, 0.93, 0.919, 0.947, 0.889, 0.855, 0.898, 0.895, 0.903, 0.89, 0.918, 0.907, 0.887, 0.909, 0.908, 0.924, 0.898, 0.924, 0.948, 0.913, 0.902, 0.909, 0.879, 0.9, 0.904, 0.891, 0.898, 0.915, 0.889, 0.927, 0.883, 0.894, 0.847, 0.905, 0.915, 0.887, 0.893, 0.896, 0.858, 0.893, 0.862, 0.883, 0.935, 0.902, 0.903, 0.886, 0.905, 0.94, 0.919, 0.886, 0.935, 0.885, 0.878, 0.904, 0.889, 0.893, 0.891, 0.919, 0.932, 0.884, 0.905, 0.892, 0.91, 0.925, 0.873, 0.892, 0.952, 0.893, 0.893, 0.918, 0.907, 0.901, 0.913, 0.884, 0.906, 0.917, 0.878, 0.909, 0.853, 0.903, 0.912, 0.903, 0.923, 0.876, 0.838]}, "CPP-MIP": {"L": 200, "K": 70, "Cs": [-0.012250906367383463, -0.09556753654007588, 0.08274526789583003, -0.15633936309333674, -0.02871733622492978, -0.01638537231739501, 0.10908857482308676, -0.0491791265763174, -0.019075635180750172, 0.042603399559310695, 0.04908614157550861, 0.01582089884080795, -0.19232551595635128, 0.13214871162035946, 0.10433915042331798, 0.07156732469649696, -0.011158315189429224, 0.04654440999168319, 0.08741007978482451, 0.045563365119127175, -0.1655279102687689, 0.03090391607655718, -0.0716944345917393, -0.16575847391791088, 0.005910829722041155, 0.06966356655672667, 0.02038207080397325, 0.11732984636979049, -0.0030344624159696076, -0.02736457594149666, 0.1034731983198387, -0.04211032315622021, -0.06164155594333187, 0.04529485780928022, -0.0760935887262596, 0.15199360317607735, -0.04395823391476428, -0.003253970342417256, -0.0865516062452486, 0.009251091780651866, 0.09138309202667982, 0.024170861985973735, -0.005216095222933426, 0.09318950760214717, 0.17569587985417168, 0.019619568512789343, 0.0588080455608786, 0.10281156142656256, -0.11719865851574607, -0.0980836834825829, 0.03172428570543562, 0.02508535326948369, 0.16774428972930666, 0.08387306357016988, 0.02166250276818782, 0.09983910622920988, 0.03686143449017987, -0.043609432245494406, 0.0738463821443569, -0.018266676118082525, -0.036635512077219046, -0.0156240256864979, -0.053280479007592585, -0.052917927361756045, 0.04515992781265776, -0.05439110693756599, -0.07969519470806907, -0.01286966042495552, -0.02392621011185414, -0.08996216905442289, -0.03357594840663136, 0.0067492605833618935, -0.08698346537156221, 0.00773569864391388, -0.016685260834335303, -0.024175443145829423, 0.05916530938695619, 0.15997015990882546, -0.03175357734182871, 0.08038597471992381, -0.13975366057362892, 0.038582084388368854, 0.011498393700552612], "posterior_coverages": [0.891, 0.902, 0.838, 0.873, 0.893, 0.934, 0.907, 0.893, 0.855, 0.896, 0.908, 0.891, 0.904, 0.931, 0.91, 0.899, 0.901, 0.879, 0.926, 0.904, 0.906, 0.88, 0.92, 0.909, 0.906, 0.923, 0.9, 0.91, 0.896, 0.902, 0.892, 0.921, 0.85, 0.888, 0.877, 0.933, 0.887, 0.907, 0.887, 0.925, 0.918, 0.928, 0.945, 0.936, 0.945, 0.925, 0.894, 0.893, 0.928, 0.904, 0.883, 0.861, 0.925, 0.875, 0.914, 0.914, 0.921, 0.93, 0.907, 0.924, 0.928, 0.869, 0.905, 0.89, 0.888, 0.91, 0.897, 0.909, 0.878, 0.91, 0.871, 0.906, 0.886, 0.841, 0.885, 0.89, 0.917, 0.935, 0.884, 0.918, 0.883, 0.893, 0.925]}}