{"CPP-KKT Robust": {"L": 200, "K": 75, "Cs": [4.836026244198859, 0.8124670347203324, 1.7589471150899012, 4.923585501216485, 3.0642806520680455, 4.526877289313311, 3.061544235470076, 2.494465328491817, 5.167937807075562, 3.4991737526115236, 2.8524454927197995, 3.7836308498405273, 1.6253298335514508, 4.375754887570278, 4.1683514568941025, 2.5588483753423024, 1.6526476690520475, 5.052548607762713, 1.987142539814219, 2.5443901383592045, 0.5151825839115034, 1.9175122819532289, 4.303086161111203, 3.2431614840831844, 3.362000979068791, 2.8596824074436706, -0.2103041972893387, 3.7245526293303484, 3.8565170360125647, 4.020729908979065, 2.799844675527661, 3.6495775369107863, 3.769727817501067, 1.3467522051673253, 5.696677630335152, 2.296314460194659, 2.4187804156584876, 2.83204034660307, 3.6249093039496563, 1.9334581331666898, 2.638977198455369, 4.710937358944411, 1.84987347643525, 1.6793354338798125, 5.084442457324945, 4.683879783044684, 4.458912532792917, 4.712734167409474, 0.4849961719458912, 3.2129103697070174, 3.1764457323599857, 3.0086809327013704, 3.639276780475219, 1.3493760443468625, 1.9868210036143688, 4.094639865938882, 2.4205862372723956, 2.398919028831962, 3.8333335668029833, 1.2340244884800486, 4.44693922763364, 3.6454730492847878, 3.160282163984518, 2.346696037942252, 2.9181085651535716, 2.4710558782461476, 4.429144556581971, 4.777119454044267, 3.2676038049538967, 2.4654526545715036, 4.7159906526556625, 3.5047982148063985, 2.0302638737747465, 2.410113045990271, 2.8881788682245255, 2.637942257400879, 0.49234751557227385, 6.490867162263622, 4.3724896779532525, 1.9110525904238755, 1.2392014378159886, 2.530503931336339, 4.101494797875544, 3.363674207353823, 4.761570187711786, 5.091163433794401, 2.5850420804248735, 3.4740417467746214, 2.846687272523184, 3.1637993370769055, 3.3537031865042213, 2.811047572965494, 2.3441863987653484, 3.9454101335256078, 1.1332206944327186, 2.4824266141927973, 2.545423688354657, 5.544857633387541, 5.302034606076068, 2.9488351609621377], "posterior_coverages": [0.887, 0.818, 0.835, 0.91, 0.876, 0.907, 0.907, 0.857, 0.904, 0.889, 0.862, 0.846, 0.827, 0.889, 0.913, 0.826, 0.828, 0.909, 0.84, 0.898, 0.856, 0.853, 0.845, 0.844, 0.891, 0.807, 0.823, 0.885, 0.892, 0.882, 0.87, 0.931, 0.857, 0.871, 0.923, 0.817, 0.849, 0.862, 0.862, 0.898, 0.851, 0.892, 0.838, 0.806, 0.899, 0.863, 0.897, 0.847, 0.853, 0.861, 0.917, 0.905, 0.884, 0.827, 0.879, 0.906, 0.881, 0.87, 0.885, 0.886, 0.898, 0.873, 0.906, 0.892, 0.895, 0.877, 0.862, 0.874, 0.822, 0.85, 0.883, 0.886, 0.85, 0.854, 0.859, 0.862, 0.848, 0.88, 0.859, 0.859, 0.815, 0.851, 0.887, 0.864, 0.869, 0.884, 0.902, 0.834, 0.882, 0.841, 0.854, 0.862, 0.866, 0.894, 0.852, 0.808, 0.887, 0.873, 0.913, 0.905]}, "CPP-MIP Robust": {"L": 200, "K": 75, "Cs": [4.7342905614744994, 1.4971582236137255, 4.606090314746384, 4.5211065144635185, 2.9303582225835223, 3.805161944631451, 3.8783540624047905, 4.615204480172196, 2.2573770564554847, 3.0268965161360866, 4.9264251537908805, 1.5720775533599403, 3.559487731374757, 3.063320992731592, 2.8266414548750642, 5.07439863528621, 4.4711952766875465, 3.2247475984315437, 3.4158490563947854, 3.479015574743305, 3.3346400827145173, 2.541100444651028, 4.762902637948731, 3.778739858965171, 3.584575693671445, -0.09642906341688862, 3.369817432668034, 6.105630617346568, 3.7826509297474598, 2.8168467601474125, 4.643004958187433, 2.035011838420129, 4.15434289654367, 2.898645693698768, 3.974544659483164, 4.867972594592283, -0.009660054374845295, 2.1370024063397173, 2.303697018581067, 2.2173410927052912, 2.2446261683135176, 2.6368836226322214, 3.4364036520366184, 1.7297699314438182, 2.853202850740984, 3.235155310521977, 4.293251969482578, 4.395472979632498, 4.672406446413459, 4.671422623362163, 4.052446878149263, 4.36736675720053, 2.9179266561870527, 0.9534371488306808, 4.145466396886531, 1.8531231189788657, 2.9226207126156067, 4.034811520845471, 2.716740383897678, 2.188980380490526, 1.6441944830491109, 3.0451856358803404, 1.462968634510248, 2.0543121639188415, 3.239496350855873, 3.550313868426533, 2.2592342713625277, 3.529810159226084, 0.9498992689251162, 4.631997859010673, 4.078576195963545, 4.244519274783086, 2.468485558683157, 3.433606605495524, 4.348413830319405, 2.7336518890668855, 3.7626234563774617, 2.3571973117253155, 3.3779251553199936, 1.8391014236858136, 2.9892395097479616, 2.8538873939206635, 3.839646217166525, 2.399408348607496, 2.7785802155827604, 3.034566593554762, 2.4181267448951687, 3.3851579978460227, 4.25618773681474, 4.231303960347853, 3.372264189864544, 4.7454611845193355, 1.3474542379045489, 3.3786644574878335, 3.3346814603509847, 1.9843360226760254, 1.412919181314538, 2.057836138069133, 0.5475093872199925, 2.8090877424748233], "posterior_coverages": [0.894, 0.835, 0.863, 0.897, 0.863, 0.87, 0.872, 0.875, 0.87, 0.83, 0.872, 0.852, 0.903, 0.894, 0.913, 0.881, 0.868, 0.899, 0.9, 0.84, 0.828, 0.89, 0.891, 0.882, 0.874, 0.78, 0.856, 0.915, 0.87, 0.909, 0.914, 0.883, 0.868, 0.864, 0.897, 0.874, 0.829, 0.876, 0.84, 0.87, 0.832, 0.894, 0.88, 0.76, 0.876, 0.876, 0.931, 0.889, 0.885, 0.904, 0.901, 0.915, 0.891, 0.844, 0.85, 0.842, 0.881, 0.881, 0.903, 0.869, 0.827, 0.863, 0.859, 0.872, 0.872, 0.888, 0.778, 0.905, 0.78, 0.895, 0.864, 0.883, 0.845, 0.881, 0.861, 0.853, 0.896, 0.854, 0.889, 0.868, 0.862, 0.858, 0.902, 0.861, 0.871, 0.874, 0.836, 0.847, 0.86, 0.89, 0.876, 0.893, 0.855, 0.862, 0.847, 0.813, 0.825, 0.87, 0.724, 0.886]}, "CPP-KKT": {"L": 200, "K": 75, "Cs": [0.5872960529579535, -0.45267318673189383, 0.62269270963077, 2.301662906535772, 0.9702371505229588, 1.9732116821636665, 0.7247687199752411, 0.6636229663267914, 3.185654775341776, 0.7282749200127512, 0.18011034953061777, 1.8892435577380582, 0.07823185911896591, 2.12758024606935, 1.5625196618314017, 2.2478952270882204, 1.7643592979975287, 2.3635399096655245, -0.21013847945445963, 0.6596105101164156, -0.821253691946326, 0.588575013804483, 3.475889538652368, 2.6957910402060623, 0.5392147747189608, 2.898516388799911, -1.8635633210982983, 1.5753076538479556, 2.741859771792484, 2.7895331621124524, 0.5406160055482605, -0.0653581307841804, 1.1323644039546823, 0.10446459446967671, 2.122029949898739, 2.967970901847673, 1.0172247606082807, 1.2081560989228937, 2.138063002904744, 1.3534272593560182, 0.018534095291971697, 2.6599162823741835, 0.4466995598724297, 0.7238849263478365, 2.288336625640177, 2.246084583589135, 2.6336925989999065, 1.4541889156637267, -0.6871175505783158, 1.0882251265109923, 0.2564035791775252, -0.10334832567017882, 0.7042501330630073, 0.7592732311274322, 0.015189497842611477, 1.5914518641225948, 0.0954071665017171, 0.6617573667689203, 1.5799803972798168, -0.5828216075705253, 3.087222205554516, 1.8405086450435362, 1.4589905945712531, -0.3075693079739352, 1.1794126773627243, 1.028586483750821, 2.5514783022195937, 2.870940652901754, 2.5018504284800547, 0.6699290277426881, 1.909046090931776, 1.0786406622402263, 0.4996675923513405, 0.9787533121349905, 0.5258582899373885, 0.8119286066425446, -1.3604189127250952, 4.645008772620969, 2.708829526507435, 0.5995675404659346, 0.1253959448356161, 1.2377920697667224, 0.3338633136567819, 2.0745648718264347, 1.9350241207595587, 2.559344729658968, 0.9383251844367364, 0.33138365836966205, 1.0890170220759043, 1.6077021359503494, 0.9640611874993438, 0.3698737794912672, 1.6959955814770042, 3.470362391162775, 0.14746573706203203, 2.206897199541384, -0.20443684446177235, 3.6802196479983227, 2.374523197118503, 0.4926501264657679],