{"CPP-KKT": {"solver_times": [9.971917867660522, 10.439378499984741, 7.897350549697876], "optimal_solutions": [[[0.4763299859532816, 0.48887778867859016], [0.37050041556054797, 0.37994436633356743], [0.2647254886404478, 0.2715480549244221], [0.15879405065768198, 0.16297500931974157], [0.052739910560084875, 0.054265237344732195]], [[0.4849111786930159, 0.4776281042714035], [0.3765530185133177, 0.37150689779705337], [0.2694132381395168, 0.2651709119138781], [0.16142391785551946, 0.1589270682066125], [0.053780612598145386, 0.052909609527498985]], [[0.48352636518296416, 0.4855076805942202], [0.37602489977227743, 0.37784710253973625], [0.26864865869708926, 0.2693511752223563], [0.161203675442308, 0.161893861370106], [0.053495088297995985, 0.05418025746674469]]], "optimal_values": [0.9488405760268475, 0.9429833888200426, 0.9563942413994687], "num_infeasible": 0, "num_timeout": 0, "empirical_coverages": [0.79, 0.805, 0.895], "final_test_Ys": [[