{"CPP-MIP Union": {"40": {"L": 300, "K": 40, "Cs": [-0.2465758137883367, -0.20185665904198702, -0.18348558300764806, -0.6111356942694726, -0.15241792612946914, 0.2734450462802016, -0.3347850092696958, -0.346951495693123, -0.17510769889198952, -0.26988361628402746, -0.06699693360051873, -0.020413277259927254, -0.1931416380240243, -0.056064841446061386, -0.40770684766458, -0.963815210075218, -0.14494078412931577, -0.7352757009352853, -0.2068788687184826, -0.37693003222579335, 0.1755907738122262, -0.27800435122417744, -0.03637822303558069, -0.4483190818841609, -0.05456680558201854, -0.20937264174541692, 0.11564120093958907, -0.2483811231773667, -0.21707789818866763, -0.38936130951366765, 0.10823184736041958, -0.07137883190867544, 0.06434980897904019, 0.026754893669322488, -0.4193792863793615, -0.2660708961975371, 0.4923649943291686, 0.2095717573556526, -0.5142653994355968, -0.06323320741598204, -0.8351109309059654, -0.3489174301750695, -0.07026887447760455, -0.24291007081498162, -0.00013935455141789177, -0.5326608247969478, -0.03983278130842671, 0.11706130557090844, -0.09064154697042892, -0.14439972195756146, 0.09064244154854806, 0.1755816881791148, -0.2914970787799618, -0.23824036160978102, -0.09930511328074121, -0.47869311595384767, 0.10212037734233781, -0.047806707237380675, -0.4967953653513464, -0.4620395894991529, -0.39718133983199566, -0.6466605942840011, -0.03072056198740447, -0.10063541524011166, -0.34280403469689413, -0.05338126583917213, 0.2627282563692368, -0.546334354541288, 0.035380161861287895, -0.20086416817284314, -0.08088173851447222, -0.003512388907357167, -0.930448924913968, -0.6637717392219264, -0.3249633166296213, -0.22660371976253368, 0.054992892992116627, -0.19446390079818054, -0.5206117866470219, -0.11266779634522273, 0.06764438065348255, -0.23147402324771837, -0.3272901953142018, -0.2454156824624687, -0.23859749526754648, -0.642796198278452, 0.036717339767118995, -0.528362213321532, 0.0031909566788626, -0.36258671417850596, -0.31478857083350853, -0.2578549625068678, -0.2588277473119367, 0.17753117637793436, -1.2918281923796866, -0.4382410880818697, -0.2470840708767128, -0.12876416631599708, -0.26221696365102143, -0.3796437002927828], "posterior_coverages": [0.813, 0.825, 0.81, 0.786, 0.805, 0.793, 0.855, 0.796, 0.776, 0.828, 0.82, 0.812, 0.765, 0.804, 0.819, 0.783, 0.82, 0.835, 0.782, 0.796, 0.812, 0.791, 0.833, 0.812, 0.789, 0.776, 0.793, 0.781, 0.808, 0.785, 0.844, 0.753, 0.849, 0.843, 0.761, 0.767, 0.851, 0.835, 0.809, 0.767, 0.846, 0.803, 0.799, 0.802, 0.809, 0.815, 0.842, 0.836, 0.761, 0.833, 0.812, 0.814, 0.8, 0.812, 0.861, 0.819, 0.837, 0.755, 0.822, 0.797, 0.758, 0.78, 0.784, 0.801, 0.761, 0.791, 0.849, 0.801, 0.795, 0.814, 0.761, 0.787, 0.825, 0.77, 0.791, 0.782, 0.792, 0.799, 0.767, 0.756, 0.813, 0.796, 0.788, 0.824, 0.835, 0.811, 0.814, 0.781, 0.835, 0.773, 0.811, 0.775, 0.83, 0.822, 0.782, 0.786, 0.84, 0.761, 0.792, 0.793]}, "80": {"L": 300, "K": 80, "Cs": [-0.3274884932296762, 0.09299135060367303, -0.009934536158426432, 0.15635474796497495, 0.06276838209670998, 0.1315850269533112, -0.1785759017954518, -0.07621269811936027, -0.09100761664239809, -0.2640560410261734, 0.13637188173647252, -0.16151755784884636, -0.1965645419250972, 0.2113152347539533, -0.21439365116855713, -0.18051566066527136, 0.06438657718884744, -0.31054087833519683, -0.09006043086762294, 0.03690427394233531, 0.11767394144150023, -0.20956331770101078, -0.24116512616137187, 0.22588164045062942, -0.25412980924513917, -0.025951568955552062, 0.1346996193506802, 0.09792899944581768, -0.11501010267259382, -0.20646463036155605, 0.3187895521061135, 0.007379360683025249, -0.21855054322288758, -0.09582237573201469, -0.2458431732865316, -0.3068329415342552, 0.017886382036664594, -0.19084746071925562, -0.1894426019541815, 0.07994896730216272, -0.04465648436010694, 0.09848638501531859, 0.17259496153033682, 0.13386247610018276, -0.024543383175039457, -0.4515707351984317, -0.39450891091969975, 0.06968297118272715, -0.45228300140694877, -0.07486173733800516, 0.3304708691980245, 0.12918329689894037, -0.20995368295047756, -0.25596700626977387, -0.26928793157706643, 0.001813610340621663, 0.08288685127047613, -0.11928042302281461, 0.03727250702349272, -0.19265515110123088, -0.05672959319494608, -0.014553922689940046, -0.3588382094553797, -0.33578124717241464, -0.09502086871774096, -0.1566597427288552, -0.19402474631323718, 0.12419603173117788, 0.003364046874126725, 0.17045407567425497, -0.36054052043627505, 0.08648570533727606, -0.12665980121684983, -0.4001555783621591, 0.0015266417176942326, -0.06531373372462967, -0.2843193980210055, -0.15040792914408785, -0.3783790990936231, -0.29576531847335996, -0.0787661071544199, 0.018150951167889007, 0.15871311668282484, 0.09811160656665119, -0.17042414827535612, -0.33519552397769936, -0.09195271239988356, 0.21647074684556045, -0.11884056994206338, -0.3133833520587772, 0.040172777046860064, -0.2344302167536716, -0.14313226467300977, 0.03788408861006065, -0.11223161557655348, -0.09603070524517365, 0.1308147551804799, -0.14471031512523047, -0.20587993932990734, -0.24138387994827082], "posterior_coverages": [0.774, 0.799, 0.846, 0.796, 0.787, 0.799, 0.806, 0.77, 0.796, 0.802, 0.794, 0.795, 0.782, 0.775, 0.771, 0.779, 0.801, 0.785, 0.803, 0.744, 0.825, 0.791, 0.773, 0.816, 0.777, 0.818, 0.819, 0.806, 0.831, 0.759, 0.845, 0.803, 0.806, 0.754, 0.762, 0.773, 0.834, 0.795, 0.797, 0.833, 0.823, 0.823, 0.77, 0.755, 0.809, 0.762, 0.766, 0.793, 0.821, 0.788, 0.851, 0.816, 0.823, 0.843, 0.779, 0.772, 0.829, 0.819, 0.794, 0.828, 0.78, 0.791, 0.781, 0.782, 0.791, 0.778, 0.812, 0.834, 0.805, 0.807, 0.824, 0.845, 0.809, 0.792, 0.79, 0.815, 0.781, 0.811, 0.824, 0.791, 0.774, 0.77, 0.845, 0.824, 0.832, 0.777, 0.803, 0.815, 0.819, 0.794, 0.825, 0.811, 0.784, 0.837, 0.791, 0.777, 0.826, 0.802, 0.816, 0.805]}, "120": {"L": 300, "K": 120,